{
    "ESC_VehSpd_factor":1.014,
    "EPS_Offset":0.0,
    "VEHICLE_WID":1.890,
    "VEHICLE_LEN":4.707,
    "REAR_SUSPENSION":0.999,
    "WHEEL_BASE":2.740,
    "WHELL_RADIUS":0.347,
    "WHELL_PLUAS":96,
    "PK_EPS_ANGLE_MAX":480.0,
    "REAR_VIEW_MIRROR_X":1.818,
    "Rrmin":4.75,
    "FSR_DELTA":[3.19062,-0.9188,-1.57080],
    "FSL_DELTA":[3.19062,0.9188,1.57080],
    "RSL_DELTA":[-0.45174,0.92545,1.605703],
    "RSR_DELTA":[-0.45174,-0.92545,-1.605703],
    "FOL_DELTA":[3.44664,0.76067,0.806866],
    "FCL_DELTA":[3.61424,0.30188,0.10472],
    "FCR_DELTA":[3.61424,-0.30188,-0.10472],
    "FOR_DELTA":[3.44664,-0.76067,-0.806866],
    "ROL_DELTA":[-0.84185,0.75065,2.626207],
    "RCL_DELTA":[-0.9453,0.30076,3.07283],
    "RCR_DELTA":[-0.9453,-0.30076,-3.07283],
    "ROR_DELTA":[-0.84185,-0.75065,-2.626207],
    "angleLD":[30.546107,39.313706,50.414743,59.206455,70.763819,80.689285,90.897441,100.911401,120.896294,140.763225,160.958294,180.886059,200.810187,220.863186,240.790730,260.857131,280.613053,300.915670,310.990657,320.861545,330.907902,340.918178,350.599044,360.779681,370.652768,380.812698,390.828235,400.806563,410.648301,420.778247,430.868247,440.419298,450.421280,460.748711,470.779587,480.492325],
    "radiusLD":[80.37133,61.03900,48.39400,41.00371,34.57541,30.46637,27.17050,24.56733,20.61584,17.80958,15.64956,13.96833,12.53711,11.29715,10.24751,9.36886,8.62564,7.99194,7.73675,7.48963,7.23659,7.00041,6.77302,6.54711,6.33320,6.12445,5.91792,5.72890,5.54700,5.37172,5.18183,5.01857,4.85122,4.71676,4.59552,4.49846],
    "angleLR":[29.223139,40.630780,50.728437,60.523468,70.777166,80.443162,90.593655,100.823934,120.808274,140.871364,160.733443,180.844260,200.817388,220.920107,240.681513,259.770033,279.750890,300.256753,310.404314,319.901378,329.537085,340.559908,349.657639,359.968430,370.004607,379.882502,389.434287,399.800080,409.522303,419.639461,429.628730,439.828504,449.731909,459.758029,469.681771,480.303725],
    "radiusLR":[78.97046,57.00380,45.67124,38.16837,32.85561,29.05421,25.78697,23.27025,19.61763,16.97305,14.99762,13.40067,12.05286,10.90914,9.95152,9.15922,8.48216,7.87971,7.64987,7.40973,7.18750,6.96988,6.77856,6.57522,6.39560,6.20501,6.02270,5.85605,5.68278,5.52417,5.35750,5.19777,5.05286,4.92386,4.79749,4.703173],
    "angleRD":[-29.576826,-39.962129,-60.780460,-80.724721,-99.756294,-119.262999,-139.316767,-160.889895,-180.907273,-200.728888,-220.805621,-239.314682,-260.792639,-280.738704,-300.799699,-309.140413,-320.980946,-340.688563,-350.196280,-360.651934,-370.769628,-380.786943,-390.556041,-400.656125,-410.637410,-420.782796,-430.671716,-440.790936,-450.091202,-460.704613,-470.734686,-480.543275],
    "radiusRD":[99.309743,71.743081,46.227734,34.115717,27.099871,22.238290,18.786655,16.181310,14.278196,12.831742,11.634894,10.683107,9.776317,8.985727,8.242706,8.053428,7.632367,7.128233,6.874857,6.687894,6.411475,6.223359,6.075849,5.845051,5.668620,5.522235,5.331231,5.162560,4.985928,4.848735,4.702283,4.549508],
    "angleRR":[-30.648320,-40.879966,-60.699589,-80.423245,-100.741198,-120.710250,-140.825521,-160.867565,-180.740998,-200.794703,-220.817083,-240.532775,-260.734521,-280.648523,-300.401986,-310.595222,-319.685329,-339.494844,-349.437750,-359.389366,-369.457359,-379.444057,-389.306725,-399.361244,-409.334545,-419.410917,-429.584369,-439.249130,-449.560886,-459.602466,-469.540446,-480.310667],
    "radiusRR":[90.808665,66.718729,44.387451,33.098176,25.745793,21.090760,17.847116,15.515241,13.769645,12.391195,11.293912,10.340676,9.518327,8.798099,8.112313,7.827578,7.566402,7.080520,6.854648,6.662784,6.474404,6.287269,6.111569,5.930434,5.762581,5.611689,5.464118,5.321137,5.163826,5.020107,4.886150,4.705256]
}