{
    "ESC_VehSpd_factor":1.014,
    "EPS_Offset":0.0,
    "VEHICLE_WID":1.915,
    "VEHICLE_LEN":4.998,
    "REAR_SUSPENSION":1.066,
    "WHEEL_BASE":2.982,
    "WHELL_RADIUS":0.34710,
    "WHELL_PLUAS":96,
    "PK_EPS_ANGLE_MAX":450.0,
    "REAR_VIEW_MIRROR_X":1.8155,
    "Rrmin":5.20,
    "PLUS_MOTOR_RPM":0.150163784,
    "FSR_DELTA":[3.3300,-0.9575,-1.5359],
    "FSL_DELTA":[3.3300,0.9575,1.5359],
    "RSL_DELTA":[-0.4300,0.9575,1.6057],
    "RSR_DELTA":[-0.4300,-0.9575,-1.6057],
    "FOL_DELTA":[3.6800,0.7365,0.7330],
    "FCL_DELTA":[3.9000,0.3975,0.0000],
    "FCR_DELTA":[3.9000,-0.3975,-0.0000],
    "FOR_DELTA":[3.6800,-0.7365,-0.7330],
    "ROL_DELTA":[-0.9100,0.7355,2.4435],
    "RCL_DELTA":[-1.0300,0.2975,3.1416],
    "RCR_DELTA":[-1.0300,-0.2975,-3.1416],
    "ROR_DELTA":[-0.9100,-0.7355,-2.4435],
    "angleLD":[19.3000,39.3000,61.0000,80.5790,99.5000,119.3995,139.6000,160.7000,180.8000,189.3040,199.4000,210.6650,219.1000,229.3000,240.8000,249.3000,259.3000,270.7000,279.4000,289.5000,300.8000,310.1000,320.3000,330.7000,340.4000,350.4000,360.1000,370.7000,380.4000,390.6000,400.8000,410.7000,420.7000,430.4000,440.8000,450.5900],
    "radiusLD":[128.3563,68.2500,43.1570,34.0313,26.6750,22.0995,18.6945,16.1592,14.2586,13.5058,12.5301,11.9859,11.5394,11.0095,10.4862,10.1307,9.7422,9.3221,8.9763,8.5864,8.1816,7.9962,7.6091,7.3382,7.0576,6.7931,6.4660,6.3912,6.1665,5.9321,5.7957,5.5714,5.4036,5.2996,5.1382,4.9355],
    "angleLR":[19.7000,39.3000,59.5000,79.3000,99.4000,120.1585,140.3000,159.9460,179.5000,190.3455,200.6045,210.4495,219.4000,230.5420,240.5000,250.6210,260.5150,270.5450,280.3095,290.5000,300.1470,310.3980,320.0385,329.7040,339.7030,349.9160,359.6000,369.6700,379.3385,389.1000,399.0000,409.4670,419.5355,429.5035,439.5620,449.4105],
    "radiusLR":[125.2625,67.1320,43.9919,33.5500,26.6903,22.2399,18.7344,15.7403,14.3521,13.4347,12.6016,12.0928,11.5998,10.9668,10.4832,10.1797,9.5832,9.3179,9.0610,8.6855,8.3217,8.0446,7.7339,7.5191,7.2325,7.0107,6.6559,6.5527,6.3181,6.1786,6.0283,5.8030,5.6263,5.4327,5.3378,5.1237],
    "angleRD":[19.2525,39.7000,60.7000,79.5000,99.3000,119.6000,139.2000,160.8000,180.6000,190.4000,200.3000,210.3000,220.3000,230.3000,239.3000,249.7000,260.7000,269.6995,279.9000,289.7000,300.9000,309.8000,319.8000,331.0000,340.0000,350.3000,360.7000,370.2000,379.8000,390.7000,400.8080,400.9470,410.9000,420.8025,430.9000,440.9000],
    "radiusRD":[121.0654,60.6964,43.0255,31.9157,25.6634,21.1954,18.5786,15.8743,14.2951,13.4798,12.8111,12.2100,11.5181,10.9408,10.5250,10.3293,9.6103,9.1873,8.8607,8.4770,8.2097,7.9172,7.5573,7.3237,7.1321,6.9184,6.7241,6.4462,6.2270,5.9632,5.7478,5.5422,5.3275,5.3167,5.0301,4.9500],
    "angleRR":[19.7555,39.7820,59.9000,79.7480,100.3000,120.2000,140.3000,160.2125,180.8000,190.5845,200.5775,210.5645,219.8000,229.8945,240.4000,249.7000,260.3000,270.1000,280.0000,289.5000,299.4840,309.3510,316.3000,329.4095,339.2920,349.3135,359.1330,369.8405,379.9000,389.5000,399.9000,409.2120,419.1135,430.5005,439.4000,449.5000],
    "radiusRR":[121.1779,64.1094,40.8112,31.6250,25.2138,21.3943,18.2944,16.0981,14.3403,13.5043,12.6310,11.9872,11.4903,10.8277,10.4913,10.0363,9.6202,9.3218,8.7756,8.4263,8.2977,7.9406,7.7275,7.5039,7.1604,6.9750,6.8080,6.5620,6.3086,6.0724,5.9220,5.8443,5.5854,5.4341,5.2227,5.0952]
}