{
    "ESC_VehSpd_factor":1.014,
    "EPS_Offset":0.0,
    "VEHICLE_WID":1.875,
    "VEHICLE_LEN":4.455,
    "REAR_SUSPENSION":0.840,
    "WHEEL_BASE":2.720,
    "WHELL_RADIUS":0.33660,
    "WHELL_PLUAS":96,
    "PK_EPS_ANGLE_MAX":470.0,
    "REAR_VIEW_MIRROR_X":1.9500,
    "Rrmin":5.20,
    "PLUS_MOTOR_RPM":0.150163784,
    "FSR_DELTA":[3.1100,-0.9375,-1.5359],
    "FSL_DELTA":[3.1100,0.9375,1.5359],
    "RSL_DELTA":[-0.3900,0.9375,1.6057],
    "RSR_DELTA":[-0.3900,-0.9375,-1.6057],
    "FOL_DELTA":[3.3500,0.6875,0.7330],
    "FCL_DELTA":[3.5200,0.3775,0.0000],
    "FCR_DELTA":[3.5200,-0.3775,-0.0000],
    "FOR_DELTA":[3.3500,-0.6875,-0.7330],
    "ROL_DELTA":[-0.6300,0.6875,2.4435],
    "RCL_DELTA":[-0.8000,0.3775,3.1416],
    "RCR_DELTA":[-0.8000,-0.3775,-3.1416],
    "ROR_DELTA":[-0.6300,-0.6875,-2.4435],
    "angleLD":[19.9,40.1,59.7,80.35,100.6,120.1,139.7,159.83,180.2,190.2,200.2,209.66,219.85,230.31,239.91,249.7,259.82,269.82,279.82,289.86,300.25,310.19,319.7,330.0,340.12,350.2,360.3,369.02,380.2,389.7,400.4,410.5,419.79,430.6,439.42,449.75],
    "radiusLD":[150.6041,71.1618,45.8496,33.4272,26.3378,21.6963,18.5126,16.0766,14.189,13.4297,12.733,12.1614,11.5543,11.0018,10.5352,10.0934,9.6792,9.2657,8.9151,8.5485,8.2285,7.9381,7.6438,7.3875,7.1317,6.908,6.6604,6.484,6.2749,6.084,5.8957,5.7182,5.5406,5.3687,5.2085,5.0698],
    "angleLR":[20.1,39.7,59.9,80.1,100.03,119.93,139.7,160.0,180.0,189.7,199.72,210.02,220.0,229.8,240.4,249.7,260.1,269.68,280.53,289.7,300.0,309.99,320.3,329.7,340.21,349.9,360.1,370.01,380.3,390.3,399.62,410.1,419.7,430.0,440.33,449.9],
    "radiusLR":[142.9791,68.9538,44.3929,32.6999,25.9875,21.4043,18.3035,15.8272,14.0671,13.3435,12.6475,12.0303,11.4698,10.9541,10.4715,10.0477,9.6064,9.2168,8.8606,8.5256,8.2048,7.9227,7.6561,7.399,7.1638,6.9219,6.7078,6.5009,6.3182,6.1169,5.9545,5.7733,5.6085,5.444,5.2909,5.1391],
    "angleRD":[19.91,40.3,59.94,79.8,100.1,119.72,140.0,160.2,180.17,190.59,199.4,210.21,219.9,230.49,239.7,249.95,260.3,270.11,280.4,289.9,299.6,309.59,319.82,329.99,340.2,349.8,360.1,369.7,380.1,389.9,399.8,409.5,419.85,429.7,439.95,449.8],
    "radiusRD":[115.2472,60.4974,41.2607,30.9867,24.7622,20.6747,17.7602,15.585,13.8665,13.0992,12.4642,11.8597,11.308,10.6991,10.3232,9.8372,9.4422,9.0673,8.7148,8.3839,8.0657,7.7877,7.5015,7.2494,7.0315,6.795,6.5831,6.3917,6.1872,6.0076,5.8279,5.6433,5.4583,5.3741,5.1451,5.0035],
    "angleRR":[19.72,40.2,59.9,80.3,99.93,119.66,140.2,159.81,180.13,190.3,200.08,209.6,220.1,229.72,240.04,249.85,259.69,270.11,279.8,289.67,299.5,309.9,320.4,329.76,339.8,350.3,360.3,369.8,379.87,390.0,399.9,410.2,420.3,430.23,440.4,450.09],
    "radiusRR":[119.3583,60.7028,41.1911,30.8796,24.7547,20.6366,17.6915,15.5537,13.8155,13.0421,12.4077,11.8137,11.2465,10.6735,10.2647,9.8166,9.4185,9.0436,8.7137,8.3797,8.0707,7.7855,7.5008,7.2726,7.0442,6.8155,6.603,6.4212,6.2269,6.0392,5.8727,5.6803,5.5196,5.3529,5.1983,5.0625]
}